license_plate_bbox,license_plate_bbox_score,license_number,license_number_score
[457.0835876464844 483.0559387207031 731.1387329101562 561.584228515625],0.7734626531600952,CE62BXY,0.6316277805019693
